{
    "left_camera": {
        "idx": 2,
        "fpx": 1182.7825927734375,
        "center": [
            353.7755746538278,
            224.83561740767618
        ]
    },
    "right_camera": {
        "idx": 4,
        "fpx": 1171.2464599609375,
        "center": [
            368.2060136346736,
            236.29002989879154
        ]
    },
    "separation": 16
}