{
    "left_camera": {
        "idx": 2,
        "fpx": 873.3146362304688,
        "center": [
            329.040620452588,
            243.9685640022435
        ]
    },
    "right_camera": {
        "idx": 4,
        "fpx": 993.7913208007812,
        "center": [
            364.7153863123476,
            212.79033915896252
        ]
    },
    "separation": 16,
    "stereo_map_file": "./stereoMap.xml",
    "depth_to_pixel_size": 0.001315666666666666,
    "show_imgaes": false
}
