{
    "left_camera": {
        "idx": 1,
        "fpx": 862.4528407706596,
        "center": [
            342.8784628471611,
            245.17275956525611
        ]
    },
    "right_camera": {
        "idx": 3,
        "fpx": 848.0244321481684,
        "center": [
            305.1624088941415,
            245.63830746035842
        ]
    },
    "separation": 7.5,
    "stereo_map_file": "./stereoMap.xml",
    "depth_to_pixel_size": 0.001315666666666666,
    "show_images": true,
    "save_images": true,
    "save_path": "./videos/",
    "resolution": [
        640,
        480
    ]
}
